<ComponentDescriptor>
  <Name>VMware.VimAutomation.EasyStart.Commands</Name>
  <Assembly>VMware.VimAutomation.EasyStart.Commands</Assembly>
  <ImplementingType>VMware.VimAutomation.EasyStart.Commands.EasyStartCmdletsImpl</ImplementingType>
  <IsSnapin>true</IsSnapin>
  <ProvidedServiceList>
  </ProvidedServiceList>
  <RequiredServiceList>
    <ServiceDescriptor>
      <Name>EasyStartService</Name>
      <Version>1.0</Version>
    </ServiceDescriptor>
  </RequiredServiceList>
  <ExtendedServiceList>
  </ExtendedServiceList>
  <Version>
    <Major>1</Major>
    <Minor>0</Minor>
    <Revision>0</Revision>
    <Build>4624451</Build>
    <Company>VMware Inc.</Company>
    <Copyright>Copyright 2015</Copyright>
    <UserFriendlyVersion>VMware Common PowerCLI Component 1.0 build 4624451</UserFriendlyVersion>
    <Description>Provides test cmdlets.</Description>
  </Version>
</ComponentDescriptor>