﻿<?xml version="1.0" encoding="utf-8"?>
<helpItems xmlns="http://msh" schema="maml">
<command:command xmlns:maml="http://schemas.microsoft.com/maml/2004/10" xmlns:command="http://schemas.microsoft.com/maml/dev/command/2004/10" xmlns:dev="http://schemas.microsoft.com/maml/dev/2004/10">
	<command:details>
		<command:name>Connect-CisServer</command:name>
		<maml:description>
			<maml:para>This cmdlet establishes a connection to a vSphere Automation SDK server.</maml:para>
		</maml:description>
		<maml:copyright>
           <maml:para />
		<!--Add copy right info here.-->
		</maml:copyright>
		<command:verb>Connect</command:verb>
		<command:noun>CisServer</command:noun>
		<!--Add Dev version info here.-->
		<dev:version />
	</command:details>
	<maml:description>
	<!--This is the Description section-->
		<maml:para>This cmdlet establishes a connection to the vSphere Automation SDK server specified by the -Server parameter.

The connect and disconnect operations for a server are using a reference counting mechanism. Every server is identified by its connection string which contains server, user name, and port. If there is already an existing connection to the server for a specific user name and port, a new connection is not established. Instead, the cmdlet returns the object which represents the existing connection. The RefCount property of the object is incremented by one. Note that the returned object is the same as the one previously returned. Therefore, the RefCount of the previously returned object will be updated as well. When a server is disconnected, then its RefCount property is decreased by one. If this number becomes equal to zero, then the server is disconnected.

PowerCLI for vSphere Automation SDK supports a list of default servers. When an operation is performed, if the target servers cannot be determined from the specified parameters, the cmdlet runs against the servers in the default server list. They are kept in a global variable called $DefaultCisServers. It is of an array type and its initial value is an empty array. When you connect to a server, the server is added at the beginning of the array, unless -NotDefault parameter is specified. When you disconnect from a server, the server is removed from the $DefaultCisServers variable. When all servers are removed from the variable its value is an empty array. You can modify the value of the $DefaultCisServers variable manually.</maml:para>
	</maml:description>
	<command:syntax>
		<command:syntaxItem>
			<maml:name>Connect-CisServer</maml:name>
			<command:parameter required = "true" variableLength = "true" globbing = "false" pipelineInput = "false" position = "1" >
				<maml:name>Server</maml:name>
				<maml:description>
					<maml:para>Specifies the IP or DNS addresses of the vSphere Automation SDK servers you want to connect to.</maml:para>
				</maml:description>
			<command:parameterValue required="true" variableLength = "true" >String[]</command:parameterValue>
			</command:parameter>
			<command:parameter required = "false" variableLength = "false" globbing = "false" pipelineInput = "false" position = "named" >
				<maml:name>User</maml:name>
				<maml:description>
					<maml:para>Specifies the user name you want to use for authenticating with the server. If the Credential parameter is also specified, this parameter is ignored. For more information about the server authentication logic of PowerCLI, run &quot;help about_server_authentication&quot;.

Note: If the user name contains special characters, enclose the entire string in single quotes (&#39;).</maml:para>
				</maml:description>
			<command:parameterValue required="true" variableLength = "false" >String</command:parameterValue>
			</command:parameter>
			<command:parameter required = "false" variableLength = "false" globbing = "false" pipelineInput = "false" position = "named" >
				<maml:name>Password</maml:name>
				<maml:description>
					<maml:para>Specifies the password you want to use for authenticating with the server. If the Credential parameter is also specified, this parameter is ignored. For more information about the server authentication logic of PowerCLI, run &quot;help about_server_authentication&quot;.

Note: If the password contains special characters, enclose the entire string in single quotes (&#39;).</maml:para>
				</maml:description>
			<command:parameterValue required="true" variableLength = "false" >SecureString</command:parameterValue>
			</command:parameter>
			<command:parameter required = "false" variableLength = "false" globbing = "false" pipelineInput = "false" position = "named" >
				<maml:name>Port</maml:name>
				<maml:description>
					<maml:para>Specifies the port on the server you want to use for the connection.</maml:para>
				</maml:description>
			<command:parameterValue required="true" variableLength = "false" >Int32</command:parameterValue>
			</command:parameter>
			<command:parameter required = "false" variableLength = "false" globbing = "false" pipelineInput = "false" position = "named" >
				<maml:name>NotDefault</maml:name>
				<maml:description>
					<maml:para>Specifies that you do not want to save the specified servers as default servers.</maml:para>
				</maml:description>
			</command:parameter>
			<command:parameter required = "false" variableLength = "false" globbing = "false" pipelineInput = "false" position = "named" >
				<maml:name>Force</maml:name>
				<maml:description>
					<maml:para>Suppresses all user interface prompts during the cmdlet execution. Currently these include &#39;Multiple default servers&#39; and &#39;Invalid certificate action&#39;.</maml:para>
				</maml:description>
			</command:parameter>
			<command:parameter required = "false" variableLength = "false" globbing = "false" pipelineInput = "false" position = "named" >
				<maml:name>SaveCredentials</maml:name>
				<maml:description>
					<maml:para>Indicates that you want to save the specified credentials in the local credential store.</maml:para>
				</maml:description>
			</command:parameter>
		</command:syntaxItem>
		<command:syntaxItem>
			<maml:name>Connect-CisServer</maml:name>
			<command:parameter required = "true" variableLength = "true" globbing = "false" pipelineInput = "false" position = "1" >
				<maml:name>Server</maml:name>
				<maml:description>
					<maml:para>Specifies the IP or DNS addresses of the vSphere Automation SDK servers you want to connect to.</maml:para>
				</maml:description>
			<command:parameterValue required="true" variableLength = "true" >String[]</command:parameterValue>
			</command:parameter>
			<command:parameter required = "false" variableLength = "false" globbing = "false" pipelineInput = "false" position = "named" >
				<maml:name>Port</maml:name>
				<maml:description>
					<maml:para>Specifies the port on the server you want to use for the connection.</maml:para>
				</maml:description>
			<command:parameterValue required="true" variableLength = "false" >Int32</command:parameterValue>
			</command:parameter>
			<command:parameter required = "false" variableLength = "false" globbing = "false" pipelineInput = "false" position = "named" >
				<maml:name>NotDefault</maml:name>
				<maml:description>
					<maml:para>Specifies that you do not want to save the specified servers as default servers.</maml:para>
				</maml:description>
			</command:parameter>
			<command:parameter required = "false" variableLength = "false" globbing = "false" pipelineInput = "false" position = "named" >
				<maml:name>Force</maml:name>
				<maml:description>
					<maml:para>Suppresses all user interface prompts during the cmdlet execution. Currently these include &#39;Multiple default servers&#39; and &#39;Invalid certificate action&#39;.</maml:para>
				</maml:description>
			</command:parameter>
			<command:parameter required = "true" variableLength = "false" globbing = "false" pipelineInput = "false" position = "named" >
				<maml:name>SessionSecret</maml:name>
				<maml:description>
					<maml:para>Specifies the ID of an existing vSphere Automation SDK session you want to reestablish.</maml:para>
				</maml:description>
			<command:parameterValue required="true" variableLength = "false" >String</command:parameterValue>
			</command:parameter>
		</command:syntaxItem>
		<command:syntaxItem>
			<maml:name>Connect-CisServer</maml:name>
			<command:parameter required = "true" variableLength = "true" globbing = "false" pipelineInput = "false" position = "1" >
				<maml:name>Server</maml:name>
				<maml:description>
					<maml:para>Specifies the IP or DNS addresses of the vSphere Automation SDK servers you want to connect to.</maml:para>
				</maml:description>
			<command:parameterValue required="true" variableLength = "true" >String[]</command:parameterValue>
			</command:parameter>
			<command:parameter required = "false" variableLength = "false" globbing = "false" pipelineInput = "false" position = "named" >
				<maml:name>Port</maml:name>
				<maml:description>
					<maml:para>Specifies the port on the server you want to use for the connection.</maml:para>
				</maml:description>
			<command:parameterValue required="true" variableLength = "false" >Int32</command:parameterValue>
			</command:parameter>
			<command:parameter required = "true" variableLength = "false" globbing = "false" pipelineInput = "false" position = "named" >
				<maml:name>Credential</maml:name>
				<maml:description>
					<maml:para>Specifies a PSCredential object that contains credentials for authenticating with the server. For more information about the server authentication logic of PowerCLI, run &quot;help about_server_authentication&quot;.</maml:para>
				</maml:description>
			<command:parameterValue required="true" variableLength = "false" >PSCredential</command:parameterValue>
			</command:parameter>
			<command:parameter required = "false" variableLength = "false" globbing = "false" pipelineInput = "false" position = "named" >
				<maml:name>NotDefault</maml:name>
				<maml:description>
					<maml:para>Specifies that you do not want to save the specified servers as default servers.</maml:para>
				</maml:description>
			</command:parameter>
			<command:parameter required = "false" variableLength = "false" globbing = "false" pipelineInput = "false" position = "named" >
				<maml:name>Force</maml:name>
				<maml:description>
					<maml:para>Suppresses all user interface prompts during the cmdlet execution. Currently these include &#39;Multiple default servers&#39; and &#39;Invalid certificate action&#39;.</maml:para>
				</maml:description>
			</command:parameter>
			<command:parameter required = "false" variableLength = "false" globbing = "false" pipelineInput = "false" position = "named" >
				<maml:name>SaveCredentials</maml:name>
				<maml:description>
					<maml:para>Indicates that you want to save the specified credentials in the local credential store.</maml:para>
				</maml:description>
			</command:parameter>
		</command:syntaxItem>
		<command:syntaxItem>
			<maml:name>Connect-CisServer</maml:name>
			<command:parameter required = "true" variableLength = "false" globbing = "false" pipelineInput = "false" position = "named" >
				<maml:name>Menu</maml:name>
				<maml:description>
					<maml:para>Indicates that you want to select a connection server from a list of recently connected servers. If Menu is set to $true, the cmdlet retrieves a list of the last visited servers and enters a nested command prompt, so that you can select a server from the list.</maml:para>
				</maml:description>
			</command:parameter>
		</command:syntaxItem>
	</command:syntax>
	<command:parameters>
		<command:parameter required="true" variableLength="true" globbing="false" pipelineInput="false" position="1">
			<maml:name>Server</maml:name>
			<maml:description>
				<maml:para>Specifies the IP or DNS addresses of the vSphere Automation SDK servers you want to connect to.</maml:para>
			</maml:description>
			<command:parameterValue required="true" variableLength="true">String[]</command:parameterValue>
			<dev:type>
				<maml:name>String[]</maml:name>
				<maml:uri/>
			</dev:type>
			<dev:defaultValue></dev:defaultValue>
		</command:parameter>
		<command:parameter required="false" variableLength="false" globbing="false" pipelineInput="false" position="named">
			<maml:name>User</maml:name>
			<maml:description>
				<maml:para>Specifies the user name you want to use for authenticating with the server. If the Credential parameter is also specified, this parameter is ignored. For more information about the server authentication logic of PowerCLI, run &quot;help about_server_authentication&quot;.

Note: If the user name contains special characters, enclose the entire string in single quotes (&#39;).</maml:para>
			</maml:description>
			<command:parameterValue required="true" variableLength="false">String</command:parameterValue>
			<dev:type>
				<maml:name>String</maml:name>
				<maml:uri/>
			</dev:type>
			<dev:defaultValue></dev:defaultValue>
		</command:parameter>
		<command:parameter required="false" variableLength="false" globbing="false" pipelineInput="false" position="named">
			<maml:name>Password</maml:name>
			<maml:description>
				<maml:para>Specifies the password you want to use for authenticating with the server. If the Credential parameter is also specified, this parameter is ignored. For more information about the server authentication logic of PowerCLI, run &quot;help about_server_authentication&quot;.

Note: If the password contains special characters, enclose the entire string in single quotes (&#39;).</maml:para>
			</maml:description>
			<command:parameterValue required="true" variableLength="false">SecureString</command:parameterValue>
			<dev:type>
				<maml:name>SecureString</maml:name>
				<maml:uri/>
			</dev:type>
			<dev:defaultValue></dev:defaultValue>
		</command:parameter>
		<command:parameter required="false" variableLength="false" globbing="false" pipelineInput="false" position="named">
			<maml:name>Port</maml:name>
			<maml:description>
				<maml:para>Specifies the port on the server you want to use for the connection.</maml:para>
			</maml:description>
			<command:parameterValue required="true" variableLength="false">Int32</command:parameterValue>
			<dev:type>
				<maml:name>Int32</maml:name>
				<maml:uri/>
			</dev:type>
			<dev:defaultValue></dev:defaultValue>
		</command:parameter>
		<command:parameter required="false" variableLength="false" globbing="false" pipelineInput="false" position="named">
			<maml:name>NotDefault</maml:name>
			<maml:description>
				<maml:para>Specifies that you do not want to save the specified servers as default servers.</maml:para>
			</maml:description>
			<dev:type>
				<maml:name>SwitchParameter</maml:name>
				<maml:uri/>
			</dev:type>
			<dev:defaultValue></dev:defaultValue>
		</command:parameter>
		<command:parameter required="false" variableLength="false" globbing="false" pipelineInput="false" position="named">
			<maml:name>Force</maml:name>
			<maml:description>
				<maml:para>Suppresses all user interface prompts during the cmdlet execution. Currently these include &#39;Multiple default servers&#39; and &#39;Invalid certificate action&#39;.</maml:para>
			</maml:description>
			<dev:type>
				<maml:name>SwitchParameter</maml:name>
				<maml:uri/>
			</dev:type>
			<dev:defaultValue></dev:defaultValue>
		</command:parameter>
		<command:parameter required="false" variableLength="false" globbing="false" pipelineInput="false" position="named">
			<maml:name>SaveCredentials</maml:name>
			<maml:description>
				<maml:para>Indicates that you want to save the specified credentials in the local credential store.</maml:para>
			</maml:description>
			<dev:type>
				<maml:name>SwitchParameter</maml:name>
				<maml:uri/>
			</dev:type>
			<dev:defaultValue></dev:defaultValue>
		</command:parameter>
		<command:parameter required="true" variableLength="false" globbing="false" pipelineInput="false" position="named">
			<maml:name>SessionSecret</maml:name>
			<maml:description>
				<maml:para>Specifies the ID of an existing vSphere Automation SDK session you want to reestablish.</maml:para>
			</maml:description>
			<command:parameterValue required="true" variableLength="false">String</command:parameterValue>
			<dev:type>
				<maml:name>String</maml:name>
				<maml:uri/>
			</dev:type>
			<dev:defaultValue></dev:defaultValue>
		</command:parameter>
		<command:parameter required="true" variableLength="false" globbing="false" pipelineInput="false" position="named">
			<maml:name>Credential</maml:name>
			<maml:description>
				<maml:para>Specifies a PSCredential object that contains credentials for authenticating with the server. For more information about the server authentication logic of PowerCLI, run &quot;help about_server_authentication&quot;.</maml:para>
			</maml:description>
			<command:parameterValue required="true" variableLength="false">PSCredential</command:parameterValue>
			<dev:type>
				<maml:name>PSCredential</maml:name>
				<maml:uri/>
			</dev:type>
			<dev:defaultValue></dev:defaultValue>
		</command:parameter>
		<command:parameter required="true" variableLength="false" globbing="false" pipelineInput="false" position="named">
			<maml:name>Menu</maml:name>
			<maml:description>
				<maml:para>Indicates that you want to select a connection server from a list of recently connected servers. If Menu is set to $true, the cmdlet retrieves a list of the last visited servers and enters a nested command prompt, so that you can select a server from the list.</maml:para>
			</maml:description>
			<dev:type>
				<maml:name>SwitchParameter</maml:name>
				<maml:uri/>
			</dev:type>
			<dev:defaultValue></dev:defaultValue>
		</command:parameter>
	</command:parameters>
	<command:inputTypes>
		<command:inputType>
			<dev:type>
				<maml:name></maml:name>
				<maml:uri/>
				<maml:description>
					<maml:para></maml:para>
				</maml:description>
			</dev:type>
			<maml:description></maml:description>
		</command:inputType>
	</command:inputTypes>
	<command:returnValues>
		<command:returnValue>
			<dev:type>
				<maml:name>CisServer</maml:name>
				<maml:uri />
				<maml:description>
					<maml:para></maml:para>
				</maml:description>
			</dev:type>
			<maml:description></maml:description>
		</command:returnValue>
	</command:returnValues>
	<command:terminatingErrors>
	</command:terminatingErrors>
	<command:nonTerminatingErrors>
	</command:nonTerminatingErrors>
	<maml:alertSet>
		<maml:title></maml:title>
		<maml:alert>
			<maml:para></maml:para>
		</maml:alert>
	</maml:alertSet>
	<command:examples>
		<command:example>
			<maml:title>
--------------  Example 1 --------------			</maml:title>
			<maml:introduction>
				<maml:para>C:\PS&gt;</maml:para>
C:\PS&gt;			</maml:introduction>
  			<dev:code>Connect-CisServer -Server $serverAddress -User $user -Password $pass</dev:code>
  			<dev:remarks>
				<maml:para>Connects to a vSphere Automation SDK server by using the User and Password parameters.</maml:para>
				<maml:para></maml:para>
				<maml:para></maml:para>
				<maml:para>
				</maml:para>
				<maml:para></maml:para>
  			</dev:remarks>
			<command:commandLines>
				<command:commandLine>
					<command:commandText>
					</command:commandText>
				</command:commandLine>
			</command:commandLines>
		</command:example>
		<command:example>
			<maml:title>
--------------  Example 2 --------------			</maml:title>
			<maml:introduction>
				<maml:para>C:\PS&gt;</maml:para>
C:\PS&gt;			</maml:introduction>
  			<dev:code>$credential = Get-Credential
Connect-CisServer -Server $serverAddress -Credential $credential</dev:code>
  			<dev:remarks>
				<maml:para>Connects to a vSphere Automation SDK server by using the Credential parameter.</maml:para>
				<maml:para></maml:para>
				<maml:para></maml:para>
				<maml:para>
				</maml:para>
				<maml:para></maml:para>
  			</dev:remarks>
			<command:commandLines>
				<command:commandLine>
					<command:commandText>
					</command:commandText>
				</command:commandLine>
			</command:commandLines>
		</command:example>
		<command:example>
			<maml:title>
--------------  Example 3 --------------			</maml:title>
			<maml:introduction>
				<maml:para>C:\PS&gt;</maml:para>
C:\PS&gt;			</maml:introduction>
  			<dev:code>$serverConnection = Connect-CisServer -Server $serverAddress -User $user -Password $pass
Connect-CisServer -Server $serverAddress -SessionSecret $serverConnection.SessionSecret</dev:code>
  			<dev:remarks>
				<maml:para>Connects to a vSphere Automation SDK server by using the SessionSecret parameter.</maml:para>
				<maml:para></maml:para>
				<maml:para></maml:para>
				<maml:para>
				</maml:para>
				<maml:para></maml:para>
  			</dev:remarks>
			<command:commandLines>
				<command:commandLine>
					<command:commandText>
					</command:commandText>
				</command:commandLine>
			</command:commandLines>
		</command:example>
		<command:example>
			<maml:title>
--------------  Example 4 --------------			</maml:title>
			<maml:introduction>
				<maml:para>C:\PS&gt;</maml:para>
C:\PS&gt;			</maml:introduction>
  			<dev:code>Connect-CisServer -Server $serverAddress -Credential -User $user -Password $pass -SaveCredential</dev:code>
  			<dev:remarks>
				<maml:para>Connects to a vSphere Automation SDK server and stores the credentials in the credential store.</maml:para>
				<maml:para></maml:para>
				<maml:para></maml:para>
				<maml:para>
				</maml:para>
				<maml:para></maml:para>
  			</dev:remarks>
			<command:commandLines>
				<command:commandLine>
					<command:commandText>
					</command:commandText>
				</command:commandLine>
			</command:commandLines>
		</command:example>
		<command:example>
			<maml:title>
--------------  Example 5 --------------			</maml:title>
			<maml:introduction>
				<maml:para>C:\PS&gt;</maml:para>
C:\PS&gt;			</maml:introduction>
  			<dev:code>Connect-CisServer -Server $serverAddress -User $user</dev:code>
  			<dev:remarks>
				<maml:para>Connects to a vSphere Automation SDK server when a record for the specified user is available in the credential store.</maml:para>
				<maml:para></maml:para>
				<maml:para></maml:para>
				<maml:para>
				</maml:para>
				<maml:para></maml:para>
  			</dev:remarks>
			<command:commandLines>
				<command:commandLine>
					<command:commandText>
					</command:commandText>
				</command:commandLine>
			</command:commandLines>
		</command:example>
	</command:examples>
	<maml:relatedLinks>
		<maml:navigationLink>
			<maml:linkText>Online version:</maml:linkText>
			<maml:uri>http://www.vmware.com/support/developer/PowerCLI/PowerCLI65R1/html/Connect-CisServer.html</maml:uri>
		</maml:navigationLink>
		<maml:navigationLink>
			<maml:linkText>Disconnect-CisServer</maml:linkText>
			<maml:uri></maml:uri>
		</maml:navigationLink>
	</maml:relatedLinks>
</command:command>
<command:command xmlns:maml="http://schemas.microsoft.com/maml/2004/10" xmlns:command="http://schemas.microsoft.com/maml/dev/command/2004/10" xmlns:dev="http://schemas.microsoft.com/maml/dev/2004/10">
	<command:details>
		<command:name>Disconnect-CisServer</command:name>
		<maml:description>
			<maml:para>This cmdlet closes the connection to one or more vSphere Automation SDK servers.</maml:para>
		</maml:description>
		<maml:copyright>
           <maml:para />
		<!--Add copy right info here.-->
		</maml:copyright>
		<command:verb>Disconnect</command:verb>
		<command:noun>CisServer</command:noun>
		<!--Add Dev version info here.-->
		<dev:version />
	</command:details>
	<maml:description>
	<!--This is the Description section-->
		<maml:para>This cmdlet closes the connection to one or more vSphere Automation SDK servers.

When no servers and no user name are specified, and if there is only one connected server in $DefaultCisServers variable, this server is disconnected. If there is no connected server, the cmdlet throws a terminating error.

This functionality is using the reference counting mechanism. For more information about the mechanism, see Connect-CisServer.

When there are no more active connections to the server it gets disconnected and then it is removed from the $DefaultCisServers variable. For more information about this variable, see Connect-CisServer.

If -Force is specified, the server is disconnected even if there is more than one connection to it.</maml:para>
	</maml:description>
	<command:syntax>
		<command:syntaxItem>
			<maml:name>Disconnect-CisServer</maml:name>
			<command:parameter required = "false" variableLength = "true" globbing = "true" pipelineInput = "true (ByValue)" position = "1" >
				<maml:name>Server</maml:name>
				<maml:description>
					<maml:para>Specifies the vSphere Automation SDK servers you want to disconnect from.</maml:para>
				</maml:description>
			<command:parameterValue required="true" variableLength = "true" >CisServer[]</command:parameterValue>
			</command:parameter>
			<command:parameter required = "false" variableLength = "false" globbing = "false" pipelineInput = "false" position = "named" >
				<maml:name>Force</maml:name>
				<maml:description>
					<maml:para>Specifies that you want to remove all existing connections to the specified servers.</maml:para>
				</maml:description>
			</command:parameter>
			<command:parameter required = "false" variableLength = "false" globbing = "false" pipelineInput = "false" position = "named" >
				<maml:name>WhatIf</maml:name>
				<maml:description>
					<maml:para>Indicates that the cmdlet is run only to display the changes that would be made and actually no objects are modified.</maml:para>
				</maml:description>
			</command:parameter>
			<command:parameter required = "false" variableLength = "false" globbing = "false" pipelineInput = "false" position = "named" >
				<maml:name>Confirm</maml:name>
				<maml:description>
					<maml:para>If the value is $true, indicates that the cmdlet asks for confirmation before running. If the value is $false, the cmdlet runs without asking for user confirmation.</maml:para>
				</maml:description>
			</command:parameter>
		</command:syntaxItem>
	</command:syntax>
	<command:parameters>
		<command:parameter required="false" variableLength="true" globbing="true" pipelineInput="true (ByValue)" position="1">
			<maml:name>Server</maml:name>
			<maml:description>
				<maml:para>Specifies the vSphere Automation SDK servers you want to disconnect from.</maml:para>
			</maml:description>
			<command:parameterValue required="true" variableLength="true">CisServer[]</command:parameterValue>
			<dev:type>
				<maml:name>CisServer[]</maml:name>
				<maml:uri/>
			</dev:type>
			<dev:defaultValue></dev:defaultValue>
		</command:parameter>
		<command:parameter required="false" variableLength="false" globbing="false" pipelineInput="false" position="named">
			<maml:name>Force</maml:name>
			<maml:description>
				<maml:para>Specifies that you want to remove all existing connections to the specified servers.</maml:para>
			</maml:description>
			<dev:type>
				<maml:name>SwitchParameter</maml:name>
				<maml:uri/>
			</dev:type>
			<dev:defaultValue></dev:defaultValue>
		</command:parameter>
		<command:parameter required="false" variableLength="false" globbing="false" pipelineInput="false" position="named">
			<maml:name>WhatIf</maml:name>
			<maml:description>
				<maml:para>Indicates that the cmdlet is run only to display the changes that would be made and actually no objects are modified.</maml:para>
			</maml:description>
			<dev:type>
				<maml:name>SwitchParameter</maml:name>
				<maml:uri/>
			</dev:type>
			<dev:defaultValue></dev:defaultValue>
		</command:parameter>
		<command:parameter required="false" variableLength="false" globbing="false" pipelineInput="false" position="named">
			<maml:name>Confirm</maml:name>
			<maml:description>
				<maml:para>If the value is $true, indicates that the cmdlet asks for confirmation before running. If the value is $false, the cmdlet runs without asking for user confirmation.</maml:para>
			</maml:description>
			<dev:type>
				<maml:name>SwitchParameter</maml:name>
				<maml:uri/>
			</dev:type>
			<dev:defaultValue></dev:defaultValue>
		</command:parameter>
	</command:parameters>
	<command:inputTypes>
		<command:inputType>
			<dev:type>
				<maml:name></maml:name>
				<maml:uri/>
				<maml:description>
					<maml:para></maml:para>
				</maml:description>
			</dev:type>
			<maml:description></maml:description>
		</command:inputType>
	</command:inputTypes>
	<command:returnValues>
		<command:returnValue>
			<dev:type>
				<maml:name>None</maml:name>
				<maml:uri />
				<maml:description>
					<maml:para></maml:para>
				</maml:description>
			</dev:type>
			<maml:description></maml:description>
		</command:returnValue>
	</command:returnValues>
	<command:terminatingErrors>
	</command:terminatingErrors>
	<command:nonTerminatingErrors>
	</command:nonTerminatingErrors>
	<maml:alertSet>
		<maml:title></maml:title>
		<maml:alert>
			<maml:para></maml:para>
		</maml:alert>
	</maml:alertSet>
	<command:examples>
		<command:example>
			<maml:title>
--------------  Example 1 --------------			</maml:title>
			<maml:introduction>
				<maml:para>C:\PS&gt;</maml:para>
C:\PS&gt;			</maml:introduction>
  			<dev:code>$server = Connect-CisServer -Server &#39;server_name&#39; -User &#39;user@domain&#39; -Password &#39;user_password&#39;
Disconnect-CisServer $server -Confirm:$false</dev:code>
  			<dev:remarks>
				<maml:para>Disconnects the specified vSphere Automation SDK server without asking for confirmation.</maml:para>
				<maml:para></maml:para>
				<maml:para></maml:para>
				<maml:para>
				</maml:para>
				<maml:para></maml:para>
  			</dev:remarks>
			<command:commandLines>
				<command:commandLine>
					<command:commandText>
					</command:commandText>
				</command:commandLine>
			</command:commandLines>
		</command:example>
		<command:example>
			<maml:title>
--------------  Example 2 --------------			</maml:title>
			<maml:introduction>
				<maml:para>C:\PS&gt;</maml:para>
C:\PS&gt;			</maml:introduction>
  			<dev:code>Connect-CisServer -Server &#39;server_name&#39; -User &#39;user@domain&#39; -Password &#39;user_password&#39;
Connect-CisServer -Server &#39;server2_name&#39; -User &#39;user@domain&#39; -Password &#39;user_password&#39;
Disconnect-CisServer * -Confirm:$false</dev:code>
  			<dev:remarks>
				<maml:para>Disconnects all connected vSphere Automation SDK servers without asking for confirmation.</maml:para>
				<maml:para></maml:para>
				<maml:para></maml:para>
				<maml:para>
				</maml:para>
				<maml:para></maml:para>
  			</dev:remarks>
			<command:commandLines>
				<command:commandLine>
					<command:commandText>
					</command:commandText>
				</command:commandLine>
			</command:commandLines>
		</command:example>
	</command:examples>
	<maml:relatedLinks>
		<maml:navigationLink>
			<maml:linkText>Online version:</maml:linkText>
			<maml:uri>http://www.vmware.com/support/developer/PowerCLI/PowerCLI65R1/html/Disconnect-CisServer.html</maml:uri>
		</maml:navigationLink>
		<maml:navigationLink>
			<maml:linkText>Connect-CisServer</maml:linkText>
			<maml:uri></maml:uri>
		</maml:navigationLink>
	</maml:relatedLinks>
</command:command>
<command:command xmlns:maml="http://schemas.microsoft.com/maml/2004/10" xmlns:command="http://schemas.microsoft.com/maml/dev/command/2004/10" xmlns:dev="http://schemas.microsoft.com/maml/dev/2004/10">
	<command:details>
		<command:name>Get-CisService</command:name>
		<maml:description>
			<maml:para>This cmdlet retrieves PSObject objects that represent a proxy to a vSphere Automation SDK API service and can be used to invoke the operations of that vSphere Automation SDK API service.</maml:para>
		</maml:description>
		<maml:copyright>
           <maml:para />
		<!--Add copy right info here.-->
		</maml:copyright>
		<command:verb>Get</command:verb>
		<command:noun>CisService</command:noun>
		<!--Add Dev version info here.-->
		<dev:version />
	</command:details>
	<maml:description>
	<!--This is the Description section-->
		<maml:para>This cmdlet retrieves PSObject objects that represent a proxy to a vSphere Automation SDK API service and can be used to invoke the operations of that vSphere Automation SDK API service. The cmdlet  returns one PSObject object for every service available on the vSphere Automation SDK server.

Every service proxy has a top-level Help property that contains documentation about the service&#39;s methods, parameters, constants, and so on. The Help object is hierarchical and mirrors the rest of the service&#39;s methods, parameters, constants, and so on. The Help object can also be used for easy creation of parameters that the service methods accept (see Example 2).</maml:para>
	</maml:description>
	<command:syntax>
		<command:syntaxItem>
			<maml:name>Get-CisService</maml:name>
			<command:parameter required = "false" variableLength = "true" globbing = "true" pipelineInput = "false" position = "1" >
				<maml:name>Name</maml:name>
				<maml:description>
					<maml:para>Specifies the service type ID.</maml:para>
				</maml:description>
			<command:parameterValue required="true" variableLength = "true" >String[]</command:parameterValue>
			</command:parameter>
			<command:parameter required = "false" variableLength = "true" globbing = "false" pipelineInput = "false" position = "named" >
				<maml:name>Server</maml:name>
				<maml:description>
					<maml:para>Specifies the vSphere Automation SDK servers on which you want to run the cmdlet. If no value is given to this parameter, the command runs on the default servers. For more information about default servers, see the description of Connect-CisServer.</maml:para>
				</maml:description>
			<command:parameterValue required="true" variableLength = "true" >CisServer[]</command:parameterValue>
			</command:parameter>
		</command:syntaxItem>
	</command:syntax>
	<command:parameters>
		<command:parameter required="false" variableLength="true" globbing="true" pipelineInput="false" position="1">
			<maml:name>Name</maml:name>
			<maml:description>
				<maml:para>Specifies the service type ID.</maml:para>
			</maml:description>
			<command:parameterValue required="true" variableLength="true">String[]</command:parameterValue>
			<dev:type>
				<maml:name>String[]</maml:name>
				<maml:uri/>
			</dev:type>
			<dev:defaultValue></dev:defaultValue>
		</command:parameter>
		<command:parameter required="false" variableLength="true" globbing="false" pipelineInput="false" position="named">
			<maml:name>Server</maml:name>
			<maml:description>
				<maml:para>Specifies the vSphere Automation SDK servers on which you want to run the cmdlet. If no value is given to this parameter, the command runs on the default servers. For more information about default servers, see the description of Connect-CisServer.</maml:para>
			</maml:description>
			<command:parameterValue required="true" variableLength="true">CisServer[]</command:parameterValue>
			<dev:type>
				<maml:name>CisServer[]</maml:name>
				<maml:uri/>
			</dev:type>
			<dev:defaultValue></dev:defaultValue>
		</command:parameter>
	</command:parameters>
	<command:inputTypes>
		<command:inputType>
			<dev:type>
				<maml:name></maml:name>
				<maml:uri/>
				<maml:description>
					<maml:para></maml:para>
				</maml:description>
			</dev:type>
			<maml:description></maml:description>
		</command:inputType>
	</command:inputTypes>
	<command:returnValues>
		<command:returnValue>
			<dev:type>
				<maml:name>One or more PSObject objects</maml:name>
				<maml:uri />
				<maml:description>
					<maml:para></maml:para>
				</maml:description>
			</dev:type>
			<maml:description></maml:description>
		</command:returnValue>
	</command:returnValues>
	<command:terminatingErrors>
	</command:terminatingErrors>
	<command:nonTerminatingErrors>
	</command:nonTerminatingErrors>
	<maml:alertSet>
		<maml:title></maml:title>
		<maml:alert>
			<maml:para></maml:para>
		</maml:alert>
	</maml:alertSet>
	<command:examples>
		<command:example>
			<maml:title>
--------------  Example 1 --------------			</maml:title>
			<maml:introduction>
				<maml:para>C:\PS&gt;</maml:para>
C:\PS&gt;			</maml:introduction>
  			<dev:code>Get-CisService -Name &#39;com.vmware.cis.tagging.tag&#39;</dev:code>
  			<dev:remarks>
				<maml:para>Retrieves the binding for the specified service.</maml:para>
				<maml:para></maml:para>
				<maml:para></maml:para>
				<maml:para>
				</maml:para>
				<maml:para></maml:para>
  			</dev:remarks>
			<command:commandLines>
				<command:commandLine>
					<command:commandText>
					</command:commandText>
				</command:commandLine>
			</command:commandLines>
		</command:example>
		<command:example>
			<maml:title>
--------------  Example 2 --------------			</maml:title>
			<maml:introduction>
				<maml:para>C:\PS&gt;</maml:para>
C:\PS&gt;			</maml:introduction>
  			<dev:code># Connect to the vSphere Automation SDK API
Connect-CisServer -Server $serverAddress -User $user -Password $pass
 
# Get the service for VM management
$vmService = Get-CisService com.vmware.vcenter.VM
 
# Create a VM creation specification
$createSpec = $vmService.Help.create.spec.CreateExample()
 
# Fill in the creation details
$createSpec.name = &quot;ExampleVM&quot;
$createSpec.guest_OS = &quot;WINDOWS_7_64&quot;
$createSpec.placement.folder = (Get-Folder vm).ExtensionData.MoRef.Value
$createSpec.placement.host = (Get-VMHost)[0].ExtensionData.MoRef.Value
$createSpec.placement.datastore = (Get-Datastore)[0].ExtensionData.MoRef.Value
$createSpec.placement.cluster = $null
$createSpec.placement.resource_pool = $null
 
# Call the create method passing the specification
$vmService.create( $createSpec )</dev:code>
  			<dev:remarks>
				<maml:para>Connects to a vSphere Automation SDK server, retrieves the service for virtual machine management, and  creates a virtual machine, based on the provided creation details, by passing the specification to the create method.</maml:para>
				<maml:para></maml:para>
				<maml:para></maml:para>
				<maml:para>
				</maml:para>
				<maml:para></maml:para>
  			</dev:remarks>
			<command:commandLines>
				<command:commandLine>
					<command:commandText>
					</command:commandText>
				</command:commandLine>
			</command:commandLines>
		</command:example>
	</command:examples>
	<maml:relatedLinks>
		<maml:navigationLink>
			<maml:linkText>Online version:</maml:linkText>
			<maml:uri>http://www.vmware.com/support/developer/PowerCLI/PowerCLI65R1/html/Get-CisService.html</maml:uri>
		</maml:navigationLink>
	</maml:relatedLinks>
</command:command>
</helpItems>
